{
    "rmse": 0.6671181757920195,
    "mae": 0.5208449483544336,
    "r2": 0.29844861403417255
}